    Nombre,Banco/Proveedor,Tipo de semilla,Tiempo de flora (semanas),THC (%),CBD (%),Registro INASE o banco
    Tropicana WFC,Sweed Lab,Feminizada fotoperiódica,9-10,Alto,<1%,Sí (fiscalizada)
    Sundae Grape,Secret File,Feminizada fotoperiódica,8-9,Alto,<1%,No especificado
    Sticky Sherbet,Secret File,Feminizada fotoperiódica,No especificado,Alto,<1%,No especificado
    Tropilato Chip,Secret File,Regular,7-8,Alto,<1%,No especificado
    Diamond Kush,Secret File,Feminizada fotoperiódica,8,Alto,<1%,No especificado
    Skywalker Kush,Secret File,Feminizada fotoperiódica,No especificado,Alto,<1%,No especificado
    Miracle Breath,Sweed Lab,Feminizada fotoperiódica,No especificado,Alto,<1%,No especificado
    MAC S1,Sweed Lab,Feminizada fotoperiódica,7-8,Alto,<1%,No especificado
    Old Fashioned Cookies,Sweed Lab,Feminizada fotoperiódica,No especificado,Alto,<1%,No especificado
    Bananukis,R-Kiem Seeds,Feminizada fotoperiódica,No especificado,25%,<1%,No especificado
    Petroleum,Sweed Lab,Feminizada fotoperiódica,No especificado,Alto,<1%,No especificado
    Choco OG,No especificado,Feminizada fotoperiódica,7-8,15.8%,0.51%,Sí (INASE)
    Phantom Ice,No especificado,Feminizada fotoperiódica,8,17-20%,0.5%,No especificado
    Sweet Mandarine Zkittlez F1 Fast Version®,No especificado,Feminizada fotoperiódica,7,19-24%,0.5%,No especificado
    Moby Dick,No especificado,Feminizada fotoperiódica,9-10,27%,<1%,No especificado
    9001,KameSeeds,Feminizada fotoperiódica,No especificado,Alto,<1%,Sí (INASE)
    Antártida Reg,El Pampa Seeds,Regular,8-10,Alto,<1%,No especificado
    Bemba,Sindicato del Kush,Feminizada fotoperiódica,8-10,Alto,Bajo,No especificado
    Bengala,No especificado,Feminizada fotoperiódica,No especificado,16-20%,0.1-0.3%,No especificado
    Biscuit Cream,No especificado,Feminizada fotoperiódica,8-9,20%,0.2%,No especificado
    Bonavena,No especificado,Feminizada fotoperiódica,10-11,Alto,<1%,No especificado
    Lemon Ram,Silver Siver Seeds,Feminizada fotoperiódica,8,26-28%,0.6%,No especificado
    Fancy Gummy,R-Kiem Seeds,Feminizada fotoperiódica,8-9,26%,<1%,Sí (INASE)
    Magnum Cookies,No especificado,Feminizada fotoperiódica,12,20%,1.4%,No especificado
    CBD Kush,Dutch Passion,Feminizada fotoperiódica,No especificado,8%,8%,No especificado
    Auto CBG-Force,No especificado,Automática,No especificado,<0.2%,10-15% CBG,No especificado
    River OG,No especificado,Feminizada fotoperiódica,8,29%,0.5%,No especificado
    Auto Girl Scout Cookies,No especificado,Automática,No especificado,16-20%,<1%,No especificado
    Auto Ice Cream,No especificado,Automática,No especificado,18-22%,<1%,No especificado
    Ultra Mohan Ram,No especificado,Automática,8.5,22%,0.8%,No especificado
    Crystal Med CBD Auto,No especificado,Automática,9.5,1.2-2.5%,8.5-14%,No especificado
    Flash,No especificado,Feminizada fotoperiódica,8.5,20%,0.9%,No especificado
    Red Hot Cookies,No especificado,Feminizada fotoperiódica,8,17-25%,0.1%,No especificado
    Onora,No especificado,Feminizada fotoperiódica,No especificado,19.3%,0.6%,No especificado
    Douce Nuit Fem,French Touch Seeds,Feminizada fotoperiódica,8.5,30%,0%,No especificado
    Island Sweet Skunk Fem,Mariseeds Seleccion,Feminizada fotoperiódica,10,24%,0.8%,No especificado
    Delicious Cookies Fem,Delicious Seeds,Feminizada fotoperiódica,8-9,24%,<1%,No especificado
    Big Rocket Fem,Mariseeds Seleccion,Feminizada fotoperiódica,9,22%,0.8%,No especificado
    King’s Juice Auto,Green House Seeds,Automática,10,22%,0.7%,No especificado
    Gorilla XL Auto,Mariseeds Seleccion,Automática,10.5,24%,0.1%,No especificado